{"cameraMode":{"drawMode":0,"name":"Shaded","section":"Shading Mode"},"sceneLighting":true,"audioPlay":false,"sceneViewState":{"m_AlwaysRefresh":false,"showFog":true,"showSkybox":true,"showFlares":true,"showImageEffects":true,"showParticleSystems":true,"showVisualEffectGraphs":true,"m_FxEnabled":true},"in2DMode":false,"pivot":{"x":318.80609130859377,"y":286.1258544921875,"z":94.29476928710938},"rotation":{"x":0.08736088126897812,"y":0.4485953450202942,"z":-0.04367474466562271,"w":0.8885606527328491},"size":12.669557571411133,"orthographic":false}