{"cameraMode":{"drawMode":0,"name":"Shaded","section":"Shading Mode"},"sceneLighting":false,"audioPlay":false,"sceneViewState":{"m_AlwaysRefresh":false,"showFog":true,"showSkybox":true,"showFlares":true,"showImageEffects":true,"showParticleSystems":true,"showVisualEffectGraphs":true,"m_FxEnabled":true},"in2DMode":false,"pivot":{"x":248.98565673828126,"y":-58.038822174072269,"z":282.16778564453127},"rotation":{"x":0.37121766805648806,"y":-0.44695591926574709,"z":0.20899806916713715,"w":0.7873092293739319},"size":446.135009765625,"orthographic":false}