{"cameraMode":{"drawMode":0,"name":"Shaded","section":"Shading Mode"},"sceneLighting":true,"audioPlay":false,"sceneViewState":{"m_AlwaysRefresh":false,"showFog":true,"showSkybox":true,"showFlares":true,"showImageEffects":true,"showParticleSystems":true,"showVisualEffectGraphs":true,"m_FxEnabled":true},"in2DMode":false,"pivot":{"x":374.1915588378906,"y":186.73538208007813,"z":290.18695068359377},"rotation":{"x":0.2675298750400543,"y":0.08896417915821076,"z":-0.02401110716164112,"w":0.9596244096755981},"size":134.9734344482422,"orthographic":false}