{"cameraMode":{"drawMode":0,"name":"Shaded","section":"Shading Mode"},"sceneLighting":true,"audioPlay":false,"sceneViewState":{"m_AlwaysRefresh":false,"showFog":true,"showSkybox":true,"showFlares":true,"showImageEffects":true,"showParticleSystems":true,"showVisualEffectGraphs":true,"m_FxEnabled":true},"in2DMode":false,"pivot":{"x":319.18939208984377,"y":286.0262756347656,"z":125.24765014648438},"rotation":{"x":-0.2116943597793579,"y":0.004981540609151125,"z":-0.0010771523229777814,"w":-0.9773329496383667},"size":4.898331642150879,"orthographic":false}